indice_tiempo,eph_continua_tasa_desempleo_total_comodoro_rivadavia
2003-07-01,0.1243946583182507
2003-10-01,0.1273663721082459
2004-01-01,0.1038425292057113
2004-04-01,0.0732255456750202
2004-07-01,0.0867509881422924
2004-10-01,0.0778385936194519
2005-01-01,0.0894574904512661
2005-04-01,0.069159910971033
2005-07-01,0.0764709630148768
2005-10-01,0.0930808287867797
2006-01-01,0.082723063281994
2006-04-01,0.0666320638422111
2006-07-01,0.0667983741680566
2006-10-01,0.0587502284546496
2007-01-01,0.0420543605135901
2007-04-01,0.057134280568341
2007-07-01,0.056
2007-10-01,0.0254498377634295
2008-01-01,0.0477486841888168
2008-04-01,0.0508790407518431
2008-07-01,0.0493515493515493
2008-10-01,0.0364507051524676
2009-01-01,0.0531380410768349
2009-04-01,0.0646075949367088
2009-07-01,0.0325258079576697
2009-10-01,0.0273981939001533
2010-01-01,0.042
2010-04-01,0.048
2010-07-01,0.034
2010-10-01,0.036
2011-01-01,0.051
2011-04-01,0.052
2011-07-01,0.048
2011-10-01,0.0289999999999999
2012-01-01,0.034
2012-04-01,0.035
2012-07-01,0.04
2012-10-01,0.042
2013-01-01,0.046
2013-04-01,0.048
2013-07-01,0.042
2013-10-01,0.05
2014-01-01,0.058
2014-04-01,0.04
2014-07-01,0.039
2014-10-01,0.062
2015-01-01,0.04
2015-04-01,0.03
2015-07-01,0.031
2015-10-01,
2016-01-01,
2016-04-01,0.024
2016-07-01,0.036
2016-10-01,0.034
2017-01-01,0.053
2017-04-01,0.06
2017-07-01,0.03
2017-10-01,0.037
2018-01-01,0.04
2018-04-01,0.037
2018-07-01,0.039
2018-10-01,0.0289999999999999
2019-01-01,0.02
2019-04-01,0.06
2019-07-01,0.042
2019-10-01,0.034
2020-01-01,0.0579999999999999
2020-04-01,0.065
2020-07-01,0.022
2020-10-01,0.032844455721898
2021-01-01,0.044
2021-04-01,0.0263467641927821
2021-07-01,0.033
2021-10-01,0.024
2022-01-01,0.021
2022-04-01,0.016
2022-07-01,0.0139999999999999
2022-10-01,0.0207903523197289
2023-01-01,0.0380845070422535
2023-04-01,0.032
2023-07-01,0.0417492071463779
2023-10-01,0.018
2024-01-01,0.0279999999999999
2024-04-01,0.0356338905119977
2024-07-01,0.027
2024-10-01,0.019
2025-01-01,0.013
2025-04-01,0.0203763702917872
2025-07-01,0.027
2025-10-01,0.047
2026-01-01,0.027
2026-04-01,0.092
