nombre_barrio,poblacion,viviendas
13 de Diciembre,1090,494
25 de Mayo,1190,509
30 de Octubre,3255,1352
9 de Julio,1243,536
Acceso Noroeste,15,7
Acceso Sur Fracción 14 y 15,1703,677
Acceso Sur Industrial,303,89
Aeropuerto,161,67
ARA San Juan,1394,474
Astra,328,119
Bellavista Norte,667,243
Bellavista Sur,1090,698
Caleta Córdova,819,269
Ceferino Namuncurá,8608,3049
Centenario,603,235
Centro,13805,8044
Centro Cívico General Solari,1485,836
"Chacras La Herradura, Refugio Lobos",113,34
"Chacras Minas George Stephenson, Sol de Mayo y San Jorge",205,158
Chacras Oeste,436,372
"Chacras Tres Pinos, Cañadones",222,71
Ciudadela,1507,507
Cordón Forestal Juan Manuel Feeney,3580,1304
Cuarteles Chacabuco,411,124
Diadema Argentina,1392,508
Doctor René Gerónimo Favaloro,2655,1136
Don Bosco,8570,2953
El Atardecer,312,116
Ex Radio Estación YPF,323,405
Gasoducto,391,149
General Enrique Mosconi,7339,3226
Gesta de Malvinas,487,180
Gobernador Fontana,1776,586
Gobernador Roque González,545,192
Guemes,109,45
Humberto Beghin,3392,1497
Jorge Newbery,4422,1990
José Fuchs,3854,1583
Juan José Castelli,1706,617
Juan XXIII,3881,1490
Km 17 y km 18,1264,720
La Floresta,3540,1158
Laprida,4840,1518
Las Flores,2688,1394
Las Orquídeas,2821,1076
Los Arenales,197,90
Los Bretes,743,487
Lotes Pastoriles Noroeste,0,7
Maestro Isidro Quiroga,7314,2098
Malvinas Argentinas,2756,1064
Manantial Rosales,761,260
Mario Abel Amaya,6175,1949
Máximo Abásolo,10375,3161
Médanos,430,154
Monseñor Argimiro Daniel Moure,1346,362
Nicolás Rodriguez Peña,1991,689
Nuestra Señora de la Divina Providencia,1573,572
Padre Corti,789,242
Parque Industrial,197,307
Pietrobelli y Balcón del Paraíso,3417,1365
Presidente Ortiz,4198,1740
Próspero Palazzo,7555,2300
Pueyrredón,9245,3743
Quirno Costa,3967,1283
Restinga Alí,1120,340
Saavedra,1766,634
San Cayetano,13193,4115
San Isidro Labrador,2491,932
San Martín,5977,1902
Sarmiento,938,301
Standard Norte,6813,2082
Standard Sur,1270,414
Stella Maris,1517,285
Teniente General Julio Argentino Roca,3200,1483
