indice_tiempo,cuenca_austral,cuenca_gsj,cuenca_neuquina,cuenca_noroeste,cuenca_cuyana,total,total_diario,shale,tight,part_no_conv,kbbl_diario
2006-01,166657.3540,1342042.5955,1250304.0203,69905.1456,190747.6120,3019656.7274,97408.2815,209.3410,860.6695,0.0354,612.6797
2006-02,152917.9250,1172755.7784,1198755.5919,63002.3887,168943.9280,2756375.6120,98441.9861,241.1870,753.3215,0.0361,619.1815
2006-03,169445.7046,1451826.0337,1306920.8825,69128.3668,190836.9420,3188157.9296,102843.8042,264.1280,872.7071,0.0357,646.8681
2006-04,180599.7397,1407251.2403,1272723.0640,64897.6659,182299.7610,3107771.4709,103592.3824,289.0680,824.6131,0.0358,651.5765
2006-05,185061.0096,1458716.2844,1346852.1937,68268.1376,189003.6220,3247901.2473,104771.0080,300.1040,1205.1110,0.0463,658.9898
2006-06,186433.5445,1227191.9474,1316865.0828,69275.1900,168674.3570,2968440.1217,98948.0041,295.4880,1172.3442,0.0494,622.3642
2006-07,187191.2244,1461170.3218,1345745.6139,70535.1731,183565.2570,3248207.5902,104780.8900,262.4630,1213.2351,0.0454,659.0520
2006-08,184157.4589,1436431.2067,1357378.2168,72991.6515,186403.4240,3237361.9579,104431.0309,320.6010,990.6300,0.0405,656.8514
2006-09,170305.6063,1409898.4350,1341955.6473,76192.8270,179596.1410,3177948.6566,105931.6219,344.6210,912.3488,0.0396,666.2899
2006-10,176561.3119,1450298.8249,1385595.7615,78304.7729,182207.0120,3272967.6832,105579.6027,369.8410,920.5869,0.0394,664.0757
2006-11,161945.6398,1219617.9355,1280140.1943,73693.4754,179267.4930,2914664.7380,97155.4913,298.7620,952.3538,0.0429,611.0897
2006-12,163546.9553,1400303.1806,1355029.5592,71652.2433,184529.8980,3175061.8364,102421.3496,385.7160,1142.9851,0.0481,644.2109
2007-01,144024.5465,1386611.2206,1338567.8260,72239.5762,181375.5653,3122818.7346,100736.0882,333.1840,908.9389,0.0398,633.6110
2007-02,125284.9471,1276210.5088,1213167.7854,65342.1388,165189.0469,2845194.4270,101614.0867,287.7780,722.8905,0.0355,639.1334
2007-03,150735.0074,1410710.8268,1349290.9416,67591.8186,185643.7243,3163972.3187,102063.6232,268.4400,726.1606,0.0314,641.9609
2007-04,145248.6771,1368792.2962,1324768.5473,67627.9475,178034.8457,3084472.3138,102815.7438,309.3500,662.4024,0.0315,646.6916
2007-05,151013.5611,1400820.5949,1368339.4206,65522.0243,177173.6462,3162869.2471,102028.0402,229.8670,790.5490,0.0323,641.7371
2007-06,128624.2079,1336139.0501,1323078.0820,67526.4177,172212.3309,3027580.0886,100919.3363,263.7560,760.6630,0.0338,634.7635
2007-07,134168.2288,1283887.9776,1344919.5546,73923.3737,179713.3379,3016612.4726,97310.0798,2548.7020,1863.2022,0.1463,612.0620
2007-08,136148.0785,1366945.8818,1368513.1843,73654.2094,176700.2707,3121961.6247,100708.4395,621.1180,1812.7197,0.0780,633.4370
2007-09,132450.7022,1332892.2629,1339052.0778,73932.3901,170568.3859,3048895.8189,101629.8606,1377.7220,1542.6508,0.0958,639.2326
2007-10,129617.6178,1393865.5293,1368328.6857,72333.1043,174008.9880,3138153.9251,101230.7718,818.4070,1127.1289,0.0620,636.7224
2007-11,99677.3470,1190663.8551,1331325.7313,69783.4878,168487.4209,2859937.8421,95331.2614,413.3730,1026.1486,0.0503,599.6156
2007-12,128452.8750,1378676.6973,1347157.6434,71843.5097,177143.3060,3103274.0314,100105.6139,360.4200,1250.1877,0.0519,629.6454
2008-01,132589.8589,1369241.5708,1341716.4626,70234.9901,173012.0759,3086794.9583,99574.0309,340.2160,1227.4271,0.0508,626.3018
2008-02,125539.6829,1289074.5293,1269173.1006,65444.5615,159938.1101,2909169.9844,100316.2064,346.5430,1101.0641,0.0498,630.9700
2008-03,146579.4925,1375946.7076,1369466.1431,70407.7885,170513.3390,3132913.4707,101061.7249,392.4840,1168.5177,0.0498,635.6591
2008-04,144234.8375,1316262.3862,1315202.5920,67820.9899,166662.3255,3010253.1311,100341.7710,195.8050,1196.3232,0.0462,631.1308
2008-05,94564.0518,807000.7992,1352420.6688,71093.0700,175472.0379,2500620.6277,80665.1815,117.4030,1900.3831,0.0807,507.3687
2008-06,140610.7478,1125613.1484,1310321.7741,68598.0169,167827.2554,2813010.9426,93767.0314,586.6890,2369.3418,0.1051,589.7769
2008-07,157559.3421,1323076.7525,1362484.5892,71899.6887,173018.3459,3088078.7184,99615.4425,745.0290,2712.9876,0.1120,626.5623
2008-08,160099.3192,1374054.2493,1356565.5061,70956.3304,170690.6918,3132406.0968,101045.3580,878.0150,3464.1412,0.1386,635.5562
2008-09,155434.5509,1325510.2625,1320611.7504,69337.1107,163108.6067,3034042.2812,101134.7427,743.8470,4065.3064,0.1585,636.1184
2008-10,160363.7231,1373237.4537,1349124.8692,73121.7300,171890.1832,3127753.9592,100895.2890,1169.3750,4159.1407,0.1704,634.6123
2008-11,156975.9535,1337463.1010,1310556.5415,66986.6591,165568.0409,3037565.2960,101252.1765,1191.3880,3889.3917,0.1673,636.8571
2008-12,155520.7674,1289262.3724,1344511.2727,69925.9798,172096.2347,3031326.6270,97784.7299,1054.7810,5089.7728,0.2027,615.0475
2009-01,151053.8239,1346993.4055,1330268.4100,69166.0508,169891.9336,3067383.6238,98947.8588,1117.8090,5374.4675,0.2117,622.3633
2009-02,139450.2367,1270357.1335,1205878.5643,62116.8302,152852.3260,2830663.0907,101095.1104,978.1290,4546.0238,0.1952,635.8691
2009-03,148742.1126,1418671.0465,1308424.0112,67851.8199,168684.0700,3112378.0602,100399.2923,891.3550,5258.2812,0.1976,631.4926
2009-04,149418.1445,1350342.7700,1274022.0885,61526.0906,161061.0502,2996374.1438,99879.1381,790.8470,4499.9704,0.1766,628.2209
2009-05,140437.9487,1423011.5616,1278664.8208,66874.5106,162202.6791,3071195.5208,99070.8233,814.3710,5796.6446,0.2153,623.1367
2009-06,145222.2787,1270780.3836,1266195.5614,63604.2296,155565.1710,2901372.6243,96712.4208,793.1880,4976.4574,0.1989,608.3028
2009-07,152171.5288,1391505.8403,1229995.6703,65445.5946,159469.1961,2998595.8301,96728.8977,663.0730,4341.6584,0.1669,608.4065
2009-08,112250.9741,1023423.2176,1275781.9605,67171.5967,158788.2220,2637423.9709,85078.1926,748.0350,4246.1996,0.1894,535.1257
2009-09,157221.9452,1340099.4501,1197909.7150,63506.4426,149840.8710,2908583.4239,96952.7808,728.3580,4922.0347,0.1943,609.8147
2009-10,160194.9102,1395301.1661,1270882.8862,65832.5044,160131.6820,3052346.1489,98462.7790,817.5620,4828.9178,0.1850,619.3123
2009-11,150988.2338,1272584.4424,1213530.7768,62018.2900,155459.0420,2854588.7850,95152.9595,704.7060,3967.2509,0.1637,598.4941
2009-12,151223.9496,1321011.9318,1255690.4220,61649.7797,160855.5680,2950441.6511,95175.5371,729.8710,3565.3471,0.1456,598.6361
2010-01,146387.8068,1388016.7178,1242180.7573,61940.4154,161532.8420,3000073.5393,96776.5658,745.6820,3481.5460,0.1409,608.7063
2010-02,135503.0473,1238182.2474,1131858.9927,55569.9787,145564.0570,2706846.3231,96673.0830,666.0450,3030.8727,0.1366,608.0554
2010-03,142100.2640,1393402.2020,1250072.8245,59169.9801,160252.0030,3005183.2736,96941.3959,773.2790,3535.8963,0.1434,609.7431
2010-04,138299.8024,1345895.0792,1208370.5576,58720.0598,152720.3230,2904155.8220,96805.1941,713.0270,3604.8736,0.1487,608.8864
2010-05,142778.9600,1375585.3971,1252161.8387,59239.1178,159940.6750,2989860.9886,96447.1287,679.2400,4237.8245,0.1645,606.6342
2010-06,139325.0827,1332462.7942,1222595.8101,57362.1997,156450.2340,2908346.1207,96944.8707,623.0020,5126.0577,0.1977,609.7649
2010-07,147700.3100,1372765.9671,1248808.4609,57975.9897,162083.9970,2989458.7247,96434.1524,850.1750,4872.9327,0.1914,606.5526
2010-08,131703.4895,1390219.6390,1254753.9348,57097.0400,160822.3930,2994596.4963,96599.8870,1775.1560,4561.8872,0.2116,607.5950
2010-09,129150.9200,1312591.5386,1203051.0968,56153.9098,153134.7630,2854082.2282,95136.0743,1984.7680,4967.8574,0.2436,598.3879
2010-10,121546.0709,1345376.6110,1231528.9735,58392.8000,159573.3360,2916417.7914,94077.9933,1648.2300,5305.3521,0.2384,591.7328
2010-11,111148.7685,1323699.2590,1184704.9189,54052.4422,153947.3090,2827552.6976,94251.7566,1912.8550,4611.7546,0.2308,592.8257
2010-12,118533.3588,954222.7856,1202059.8175,55235.5698,156889.3680,2486940.8997,80223.9000,2012.6360,5131.7818,0.2873,504.5932
2011-01,125553.0724,1338743.8853,1207995.0505,53018.6097,159083.0590,2884393.6769,93044.9573,1605.9770,5821.9328,0.2575,585.2352
2011-02,111409.8924,1234970.9843,1082938.8503,47315.5401,145632.3520,2622267.6191,93652.4150,1732.3570,4187.6182,0.2258,589.0560
2011-03,116472.4970,1361608.8198,1198626.2521,51046.1829,159959.8410,2887713.5928,93152.0514,2314.9540,5780.2330,0.2803,585.9088
2011-04,123524.6001,860821.9937,1153771.7973,46929.0754,152875.6980,2337923.1645,77930.7722,2366.2080,7155.2606,0.4073,490.1698
2011-05,130332.3826,1006139.4878,1178664.5538,51975.9302,159648.8730,2526761.2274,81508.4267,2851.1210,7333.7637,0.4031,512.6726
2011-06,126731.8003,1012041.7247,1138509.3542,49199.8121,154637.9180,2481120.6093,82704.0203,2584.5240,6694.3091,0.3740,520.1927
2011-07,124732.8153,1180634.2233,1177484.2587,49886.0899,161326.9280,2694064.3152,86905.3005,2621.1270,6070.1449,0.3226,546.6179
2011-08,124306.9978,1327052.0166,1182972.0292,50974.2405,159034.3290,2844339.6131,91752.8907,6896.1880,5921.8295,0.4507,577.1083
2011-09,124001.9376,1311034.6681,1132577.6914,49019.8698,154532.9240,2771167.0909,92372.2364,9823.0810,5781.0846,0.5631,581.0039
2011-10,134790.2001,1364564.5489,1172022.9035,48186.3104,158594.3790,2878158.3419,92843.8175,11570.5350,7624.5956,0.6669,583.9701
2011-11,124037.6395,1322926.8718,1130368.4385,45875.0108,152284.5450,2775492.5056,92516.4169,9659.5190,9064.0948,0.6746,581.9108
2011-12,125165.7788,1369227.6522,1140540.8980,46208.4002,154165.0430,2835307.7722,91461.5410,9809.3190,9920.6369,0.6959,575.2758
2012-01,138075.1404,1340258.2424,1096945.3121,44854.6963,154333.9380,2774467.3292,89498.9461,10523.0650,9554.5927,0.7237,562.9315
2012-02,126519.2802,1231881.4872,1052739.1910,41590.9299,143472.8950,2596203.7833,89524.2684,10844.4050,9031.1352,0.7656,563.0907
2012-03,131408.5982,1321180.3087,1136391.3347,44395.5105,152884.4650,2786260.2171,89879.3618,12377.7080,10270.9932,0.8129,565.3242
2012-04,130142.3170,1262590.4967,1076247.8386,48695.6412,147546.2700,2665222.5635,88840.7521,11898.9360,10171.4225,0.8281,558.7915
2012-05,136862.5195,1312599.9149,1124302.1684,51673.9300,152219.9090,2777688.4418,89602.8530,14079.9748,10260.2611,0.8763,563.5850
2012-06,128591.4636,1141131.5675,1096054.3819,49036.2224,149381.0410,2564194.6764,85473.1559,14153.8753,11442.0950,0.9982,537.6100
2012-07,135378.6944,1199072.0520,1141718.0814,49974.0528,152362.7230,2678505.6036,86403.4066,14024.5805,12345.4196,0.9845,543.4611
2012-08,136117.2656,1293322.7425,1150047.7095,49917.3381,157397.7150,2786829.7707,89897.7345,15576.3352,12988.5198,1.0250,565.4398
2012-09,131337.4731,1256045.7505,1111167.5244,46963.3286,151806.6880,2697320.7646,89910.6922,16118.7775,13194.1422,1.0867,565.5213
2012-10,131555.5587,1289575.7876,1135359.8421,47109.9465,155216.2280,2758830.3629,88994.5278,16410.2084,13639.0539,1.0892,559.7588
2012-11,126956.4672,1237760.4930,1015055.5148,45069.6459,147130.1480,2571972.2689,85732.4090,13431.1066,13371.8752,1.0421,539.2406
2012-12,134080.0332,1271090.8674,1113614.6085,46843.6966,152671.3620,2718352.5677,87688.7925,14953.7556,13358.9863,1.0415,551.5459
2013-01,128443.5387,1256623.5160,1080056.1880,46689.8889,150279.4590,2662114.5906,85874.6642,17427.5928,11285.0729,1.0786,540.1354
2013-02,116348.2806,1130590.2780,980188.5494,40729.8446,139062.6970,2406939.1496,85962.1125,16987.1616,10642.3327,1.1479,540.6854
2013-03,123993.6809,1262327.3878,1091178.9743,44135.3803,153072.5850,2674720.5083,86281.3067,19978.5548,11690.7369,1.1840,542.6931
2013-04,119557.7024,1200801.5271,1061685.4793,40547.3101,146737.2740,2569344.6729,85644.8224,23158.7948,11086.2993,1.3328,538.6897
2013-05,125480.2053,1272969.4279,1109109.6395,43810.2175,149501.5919,2700888.0821,87125.4220,26207.9337,13538.8388,1.4716,548.0024
2013-06,126209.3949,1239635.2073,1052947.9275,40316.8070,144862.5574,2603988.1941,86799.6065,27759.9615,13494.0305,1.5843,545.9531
2013-07,127416.7644,1285530.3838,1120091.1059,40499.6225,147087.4430,2720644.0196,87762.7103,35053.8273,15839.1234,1.8706,552.0109
2013-08,126694.5826,1286583.3297,1109265.6061,40749.4228,146465.9323,2709771.3235,87411.9782,36881.2214,15944.4668,1.9495,549.8048
2013-09,118877.6365,1248805.2785,1087750.3411,41568.7952,142560.3730,2639572.6743,87985.7558,36141.2388,15621.6042,1.9610,553.4138
2013-10,118107.9545,1308100.0417,1119975.3273,41643.4962,145984.8296,2733822.3993,88187.8193,44965.5070,15433.0208,2.2093,554.6847
2013-11,114742.6530,1261958.7875,1070212.0964,40852.6767,141701.4741,2629478.0177,87649.2673,49897.5236,14074.2565,2.4329,551.2973
2013-12,115234.3146,1294033.2846,1106125.7149,42781.8637,145513.1379,2703688.3157,87215.7521,59473.7829,13884.5281,2.7133,548.5706
2014-01,119369.6822,1289796.4049,1099529.1135,42066.7883,145952.6271,2696714.6160,86990.7941,57445.2541,13888.8881,2.6452,547.1556
2014-02,106250.4390,1167542.3362,991484.6060,38421.7282,131133.9865,2434833.0959,86958.3249,54790.3862,11319.0128,2.7152,546.9514
2014-03,116668.4700,1294322.9858,1075935.7030,40835.8486,146173.8144,2673936.8218,86256.0265,59484.9579,11973.5496,2.6724,542.5341
2014-04,101157.6480,1238972.2647,968842.2852,37844.1380,140015.0956,2486831.4315,82894.3811,61058.5448,11665.5943,2.9244,521.3900
2014-05,116472.2933,1279329.6037,1059996.1351,38857.3772,144524.0726,2639179.4819,85134.8220,68714.1722,12365.5737,3.0722,535.4819
2014-06,114884.4974,1228937.5361,1037941.8340,38668.3643,141362.9359,2561795.1677,85393.1723,76118.8246,11912.9298,3.4363,537.1069
2014-07,115195.7150,1273046.4496,1047179.6889,39632.2725,146394.3592,2621448.4852,84562.8544,81631.4379,13491.2701,3.6286,531.8844
2014-08,113116.8003,1251116.7537,1091835.5890,39956.3030,144726.3827,2640751.8287,85185.5429,96969.9614,14291.9319,4.2133,535.8010
2014-09,116656.6162,1241311.4701,1071234.0962,39167.4231,139206.0137,2607575.6193,86919.1873,100923.0630,13868.8131,4.4022,546.7053
2014-10,115258.6569,1297862.0837,1097532.7176,38949.8143,142636.8084,2692240.0809,86846.4542,102672.9538,14047.2948,4.3354,546.2478
2014-11,109038.5463,1263966.0929,1033776.2427,36225.2860,138194.5131,2581200.6810,86040.0227,102301.1770,13504.4389,4.4865,541.1755
2014-12,107862.1357,1301321.1180,1084962.8449,37865.4151,141378.9010,2673390.4147,86238.4005,104579.2654,13274.7760,4.4084,542.4232
2015-01,114589.4528,1293436.3462,1084473.9832,38821.1722,137735.3735,2669056.3279,86098.5912,101982.1290,14483.8895,4.3636,541.5439
2015-02,99911.4496,1173485.4312,962690.3467,34665.2730,123312.9429,2394065.4434,85502.3373,93760.2360,13932.0991,4.4983,537.7935
2015-03,110189.9434,1297220.2035,1081225.8759,38509.6330,135915.9800,2663061.6358,85905.2141,106254.1650,15236.5285,4.5621,540.3276
2015-04,107832.5672,1249292.7055,1056495.3430,38261.8726,131998.8902,2583881.3785,86129.3793,106797.5060,15613.2485,4.7375,541.7375
2015-05,110804.9427,1300302.5566,1092711.9711,41236.3027,135292.0672,2680347.8403,86462.8336,112405.6810,17150.7108,4.8336,543.8349
2015-06,104072.0512,1261207.0984,1048105.8720,39786.5715,128982.0687,2582153.6618,86071.7887,105307.7417,16040.3624,4.6995,541.3753
2015-07,108238.0652,1304060.8305,1074475.0028,40852.5511,134251.3152,2661877.7648,85867.0247,110574.3909,16127.0217,4.7599,540.0874
2015-08,105853.0874,1282392.1442,1080733.6249,41733.2153,137475.5972,2648187.6690,85425.4087,111644.6857,19088.1812,4.9367,537.3097
2015-09,100829.8057,1238466.9232,1051893.8756,39245.6162,134846.7644,2565282.9851,85509.4328,113823.9815,20127.3649,5.2217,537.8382
2015-10,110244.3664,1298413.0791,1088223.5810,40365.9879,141569.9923,2678817.0067,86413.4518,127854.6962,20961.1041,5.5553,543.5243
2015-11,100189.5985,1265564.2476,1039103.3854,38748.2515,134871.4343,2578476.9173,85949.2306,112314.9709,19673.4679,5.1189,540.6044
2015-12,99931.7078,1300281.0631,1086859.8317,39923.9224,138032.5599,2665029.0849,85968.6802,124635.3213,21414.8557,5.4802,540.7267
2016-01,105295.7796,1280576.5153,1069972.2219,39032.7642,135012.7382,2629890.0192,84835.1619,124133.5853,21139.3953,5.5239,533.5971
2016-02,95785.3737,1170810.1743,998878.3747,36323.8536,125902.8163,2427700.5926,83713.8135,110835.1292,19227.4847,5.3574,526.5441
2016-03,104131.5166,1260361.2888,1076578.6622,37472.6520,135726.0905,2614270.2101,84331.2971,122987.1271,23982.4337,5.6218,530.4279
2016-04,104695.1304,1207833.9506,1044287.5439,35937.1529,131619.5108,2524373.2886,84145.7763,128165.1574,27322.2569,6.1594,529.2610
2016-05,101177.4207,1174352.0913,1046732.6963,37662.2363,131689.7846,2491614.2292,80374.6526,133222.7422,28640.7034,6.4963,505.5414
2016-06,96133.4180,1176705.4324,992923.1146,36013.5190,125674.7438,2427450.2278,80915.0076,139223.2052,31191.7454,7.0203,508.9401
2016-07,104075.6762,1219520.4955,1067241.7777,36605.4257,134887.6731,2562331.0482,82655.8403,151099.9181,30705.2174,7.0953,519.8896
2016-08,103240.5539,1210028.0217,1071754.1107,34603.9859,132228.4062,2551855.0784,82317.9058,158731.4563,31152.4692,7.4410,517.7641
2016-09,96949.6426,1193185.3159,1029416.3835,33259.5794,132944.8023,2485755.7237,82858.5241,158593.9623,29589.5119,7.5705,521.1645
2016-10,99882.4213,1233025.6333,1051754.2070,35141.7128,136060.7807,2555864.7551,82447.2502,167383.6233,32109.1247,7.8053,518.5776
2016-11,87703.5345,1175721.4549,1003557.2078,33914.5117,128596.8468,2429493.5557,80983.1185,160368.1157,28936.6011,7.7919,509.3685
2016-12,88280.1853,1205855.0855,1013913.5360,35401.2439,131338.1512,2474788.2019,79831.8775,178694.0362,30627.5689,8.4582,502.1274
2017-01,89434.3913,1203534.0489,1032315.4179,34379.1978,131179.9890,2490843.0449,80349.7756,179665.6710,28832.3048,8.3706,505.3849
2017-02,69724.5219,1089128.9876,890740.6379,31638.9018,117184.4096,2198417.4588,78514.9092,154456.7054,24054.5698,8.1200,493.8439
2017-03,86334.5142,1174005.3481,1012094.9084,35379.5404,129498.5919,2437312.9030,78622.9969,171583.5122,30510.3495,8.2917,494.5238
2017-04,84072.7427,1012321.5387,949156.4455,34579.0712,126141.4712,2206271.2693,73542.3756,166716.6604,31483.1514,8.9835,462.5676
2017-05,89120.4083,1125541.8137,976851.4786,34402.5197,129826.7248,2355742.9451,75991.7079,182107.8496,32285.6144,9.1009,477.9735
2017-06,84537.9694,1012929.0395,988910.0323,32659.2609,122470.0094,2241506.3115,74716.8771,179401.5261,35912.8417,9.6058,469.9550
2017-07,88984.6410,1088166.9591,1035476.3469,32919.9933,129118.0215,2374665.9618,76602.1278,188557.3883,40449.7549,9.6438,481.8129
2017-08,88932.4242,1130443.3805,1020920.1644,32746.3322,128395.6739,2401437.9752,77465.7411,185036.5456,39767.7866,9.3612,487.2449
2017-09,79887.5856,1114581.3038,1004510.7737,30663.5833,123781.1631,2353424.4095,78447.4803,182965.5705,38221.6145,9.3985,493.4198
2017-10,93031.5313,1168713.0931,1041255.9557,31349.9624,122709.1841,2457059.7266,79259.9912,193798.5062,45679.2796,9.7465,498.5304
2017-11,85988.9950,1136516.4376,1002049.4969,28985.2968,120377.6440,2373917.8703,79130.5957,194553.0708,40649.0188,9.9078,497.7165
2017-12,92863.4047,1172322.2757,1020222.1576,30124.5293,124720.8181,2440253.1854,78717.8447,198468.5370,44199.9576,9.9444,495.1204
2018-01,91520.1552,1150112.5655,1020198.9642,30314.1205,121184.1232,2413329.9286,77849.3525,205422.6740,46317.7649,10.4312,489.6577
2018-02,79834.8409,1046410.9895,925159.2804,26271.8474,110171.4716,2187848.4298,78137.4439,206639.8926,37925.2617,11.1783,491.4697
2018-03,88942.4551,1163480.4516,1041891.7150,28002.3535,123387.1963,2445704.1715,78893.6830,239557.9753,46171.7571,11.6829,496.2264
2018-04,88679.0838,1114472.8424,1010162.1611,27126.5397,119627.3485,2360067.9755,78668.9325,237846.8169,44544.8219,11.9654,494.8127
2018-05,95764.3633,1143996.2940,1040952.2481,29376.2365,120499.8382,2430588.9801,78406.0961,253384.7067,43740.1372,12.2244,493.1595
2018-06,101166.6286,1097072.0110,1010951.6558,27377.2943,113627.9004,2350195.4901,78339.8497,251250.7797,42171.6891,12.4850,492.7428
2018-07,107236.2658,1127720.4778,1042738.4166,28596.3512,116293.9142,2422585.4256,78147.9170,265368.2194,41593.7880,12.6708,491.5356
2018-08,111165.1767,1132467.2760,1077402.2151,28955.6833,117485.2199,2467475.5710,79595.9862,301025.7244,40940.4598,13.8589,500.6437
2018-09,113419.4900,1110058.6995,1055454.6609,26489.9839,117947.6623,2423370.4966,80779.0166,311558.7197,41136.8016,14.5539,508.0847
2018-10,116441.1808,1146043.6445,1098438.8108,26339.6247,119104.0002,2506367.2610,80850.5568,332354.1247,41995.8663,14.9360,508.5347
2018-11,97059.7380,1111663.0853,1070595.5453,26200.4099,110473.7063,2415992.4848,80533.0828,342716.0723,41899.6307,15.9196,506.5379
2018-12,113095.6884,1144311.5680,1111255.9942,26060.7557,114503.1164,2509227.1227,80942.8104,366253.7255,39905.0989,16.1866,509.1150
2019-01,113218.8477,1140329.8031,1126270.7284,27678.9672,112956.1730,2520454.5194,81304.9845,383756.5231,39923.7522,16.8097,511.3930
2019-02,94854.2403,1038353.1785,1014364.6165,27530.9272,105901.6895,2281004.6520,81464.4519,345076.4078,36078.7320,16.7100,512.3960
2019-03,110081.1260,1151838.3921,1121506.8315,29713.5665,117851.7409,2530991.6570,81644.8922,376599.4052,39918.3016,16.4567,513.5309
2019-04,111264.5088,1115557.8625,1108857.0495,23936.9871,112850.6055,2472467.0134,82415.5671,391369.3040,38483.6588,17.3856,518.3783
2019-05,117848.1441,1133829.5878,1149541.6545,23594.9909,117749.9594,2542564.3367,82018.2044,415558.5462,40405.2223,17.9332,515.8790
2019-06,115865.6256,1088138.2347,1082644.6473,23671.3003,111676.2734,2421996.0813,80733.2027,391262.3054,39433.8028,17.7827,507.7966
2019-07,118582.1945,1121923.4973,1157109.0138,23844.7761,118544.0870,2540003.5687,81935.5990,429361.5894,40604.6843,18.5026,515.3594
2019-08,118700.8526,1124486.0732,1225231.2227,23582.5802,118279.6505,2610280.3792,84202.5929,498089.1288,42493.9750,20.7098,529.6184
2019-09,106779.5902,1087283.9875,1187660.2850,23716.6469,112096.0019,2517536.5115,83917.8837,486492.8015,41411.9678,20.9691,527.8276
2019-10,101650.6839,1124846.9966,1219852.8686,24246.2573,115559.3681,2586156.1745,83424.3927,502829.8040,42902.0850,21.1020,524.7237
2019-11,91326.1228,1087085.0754,1187843.5147,26237.9143,108747.3311,2501239.9583,83374.6653,499032.5429,39280.2991,21.5218,524.4109
2019-12,95790.8666,1122209.5028,1245334.5447,26151.7769,112432.6101,2601919.3011,83932.8807,547275.1434,41468.1290,22.6273,527.9220
2020-01,97342.2573,1109079.3949,1241542.9118,26108.8571,109278.6103,2583352.0314,83333.9365,552839.2135,40649.3700,22.9736,524.1547
2020-02,86299.8966,1030144.1932,1184921.0356,23948.5547,104148.2454,2429461.9255,83774.5492,546540.9913,34606.9592,23.9209,526.9261
2020-03,85850.2369,1109617.8569,1269462.7858,29352.8895,111735.1116,2606018.8807,84065.1252,606183.9220,35364.8028,24.6180,528.7537
2020-04,62142.8164,1056369.3212,1000420.6847,25365.1336,96713.4362,2241011.3921,74700.3797,437917.8388,33730.4213,21.0462,469.8513
2020-05,67303.0345,1049094.7755,1018603.2439,24248.2882,93121.8302,2252371.1723,72657.1346,460358.6772,32490.9799,21.8814,456.9996
2020-06,73018.2662,996128.0381,1124817.3264,22775.0677,85322.3004,2302060.9988,76735.3666,557135.3183,31311.1697,25.5617,482.6509
2020-07,74929.3954,1001021.3699,1168259.7937,24439.1862,94012.8719,2362662.6171,76214.9231,576765.0021,30568.3671,25.7055,479.3775
2020-08,73540.7221,994558.6549,1178947.1748,25042.1648,103991.0153,2376079.7319,76647.7333,579687.0774,31473.9700,25.7214,482.0998
2020-09,82715.4786,982529.5364,1101714.7247,26098.8031,97999.6576,2291058.2004,76368.6067,530904.5064,30101.1195,24.4867,480.3441
2020-10,88543.5221,1021843.0935,1146329.5928,26609.9963,99735.3332,2383061.5379,76872.9528,569592.3228,30255.5047,25.1713,483.5163
2020-11,81076.8478,983013.3355,1122248.8424,24028.8568,96525.7722,2306893.6547,76896.4552,566070.5885,27959.2075,25.7502,483.6642
2020-12,85794.7276,1028080.6440,1175559.1732,24334.8480,97797.2582,2411566.6510,77792.4726,611560.2826,27487.9944,26.4993,489.2999
2021-01,83687.7737,1025807.3141,1219890.6766,20518.4899,96999.9719,2446904.2262,78932.3944,656474.0826,26762.9154,27.9225,496.4698
2021-02,75923.5445,925261.8837,1129752.9050,20389.1053,85813.6287,2237141.0672,79897.8953,613069.7634,22826.1437,28.4245,502.5427
2021-03,81940.0104,1009708.8135,1286935.7836,23084.6749,93288.3018,2494957.5842,80482.5027,711952.7545,24847.1467,29.5316,506.2197
2021-04,82360.7918,984412.4076,1256020.3231,23049.4626,94448.0642,2440291.0493,81343.0350,702948.9952,24540.6407,29.8116,511.6323
2021-05,82708.6237,1022094.5529,1301731.2344,21858.0773,98521.9371,2526914.4254,81513.3686,728002.0826,26292.1954,29.8504,512.7037
2021-06,77376.3325,975599.4064,1277879.3995,20683.0155,91704.2364,2443242.3903,81441.4130,725319.5194,27590.7563,30.8160,512.2511
2021-07,79733.0937,997187.7506,1378006.9491,21684.1122,96300.9911,2572912.8967,82997.1902,795797.5766,30739.1650,32.1246,522.0366
2021-08,78333.7149,1003266.1313,1355381.6295,22388.8625,97706.0433,2557076.3815,82486.3349,778390.3081,31813.5027,31.6848,518.8235
2021-09,74294.4191,981528.3996,1375511.4171,21812.4570,91556.4901,2544703.1829,84823.4394,830257.2836,29468.7714,33.7849,533.5234
2021-10,73350.8699,985276.7423,1503749.0428,22508.6510,93997.1970,2678882.5030,86415.5646,937886.9675,29296.7632,36.1040,543.5376
2021-11,69990.2975,981340.3342,1495303.5708,21905.4924,91095.4884,2659635.1833,88654.5061,944931.3780,29319.2861,36.6310,557.6201
2021-12,66834.3983,998439.7195,1579140.9216,21967.6886,93424.8173,2759807.5453,89026.0498,1018154.1111,29359.2251,37.9560,559.9570
2022-01,68408.4409,995263.1225,1630730.6562,21521.1704,94119.4413,2810042.8313,90646.5429,1072307.1126,27537.1328,39.1398,570.1496
2022-02,60587.8481,908859.8452,1459405.7225,20250.8903,84523.9846,2533628.2907,90486.7247,963902.2305,24722.7949,39.0201,569.1444
2022-03,60475.4320,999309.8760,1641354.2371,23142.2093,94005.1841,2818286.9385,90912.4819,1093225.4669,27687.5594,39.7728,571.8223
2022-04,64944.3389,966227.1127,1616117.0012,22114.2379,89778.6522,2759181.3429,91972.7114,1092057.5045,26920.7060,40.5547,578.4910
2022-05,71750.7520,999437.3430,1698385.9297,23448.4665,93798.8346,2886821.3258,93123.2686,1156551.9143,30697.0052,41.1265,585.7278
2022-06,69245.0412,965864.3623,1632265.2233,22872.8588,90471.0424,2780718.5280,92690.6176,1109880.3542,28976.7555,40.9555,583.0065
2022-07,70078.7255,988076.2937,1723547.9226,23961.0790,92947.0733,2898611.0941,93503.5837,1186187.5748,28546.6610,41.9075,588.1199
2022-08,67235.0797,991025.7087,1745562.1503,24214.7184,92271.8731,2920309.5302,94203.5332,1205609.1310,30687.0960,42.3344,592.5224
2022-09,62406.1032,958989.3330,1743829.2189,23974.7778,88905.0392,2878104.4721,95936.8157,1231823.6276,30009.6681,43.8425,603.4244
2022-10,61935.4108,1010918.9987,1860611.2013,25040.4678,92820.2884,3051326.3670,98429.8828,1327142.3205,31758.3867,44.5348,619.1054
2022-11,59539.9475,974752.5772,1800423.5415,24018.1684,88010.9201,2946745.1547,98224.8385,1289501.9867,30864.2671,44.8076,617.8157
2022-12,58143.4102,1009135.6624,1888100.5443,25385.4718,87133.6482,3067898.7369,98964.4754,1363488.9642,29738.0904,45.4131,622.4678
2023-01,56374.2310,1008623.9892,1910182.4270,26272.4480,86841.9014,3088294.9966,99622.4192,1402536.2956,27319.3829,46.2992,626.6062
2023-02,52408.1993,905224.5537,1780605.3712,22904.7828,78050.1762,2839193.0832,101399.7530,1303783.1914,23615.9335,46.7527,637.7853
2023-03,58166.3439,987135.9166,2007348.1353,25063.8419,85460.1696,3163174.4073,102037.8841,1481231.0976,25966.6847,47.6483,641.7990
2023-04,51195.8457,962365.4124,1923676.4262,24083.3347,82983.4531,3044304.4721,101476.8157,1409198.8457,28364.3665,47.2214,638.2700
2023-05,57170.3230,990038.4132,1981595.1863,24735.1175,85400.6762,3138939.7162,101256.1199,1458716.7351,29995.0959,47.4272,636.8819
2023-06,53918.7392,956734.2902,1885306.9894,23697.8220,83791.9391,3003449.7799,100114.9927,1385187.5948,29090.4024,47.0885,629.7044
2023-07,53734.3815,978246.5248,1943359.2709,23840.8842,84943.3360,3084124.3974,99487.8838,1432998.9461,29893.1161,47.4330,625.7600
2023-08,55241.6141,965672.4217,1979561.8268,23427.2960,85565.9930,3109469.1516,100305.4565,1463784.6181,31147.6284,48.0768,630.9024
2023-09,54383.4058,962199.8733,1959748.5437,22396.8307,80442.1341,3079170.7876,102639.0263,1454703.5976,29356.0581,48.1967,645.5801
2023-10,56296.8315,995978.4234,2107171.4219,21171.7920,82263.4259,3262881.8947,105254.2547,1593825.2439,29631.6035,49.7553,662.0294
2023-11,51674.6491,960908.2305,2108489.0151,21630.8576,77377.1143,3220079.8666,107335.9956,1619012.8808,26771.0128,51.1100,675.1231
2023-12,52712.6587,986534.4279,2242555.4067,21168.6812,81429.8089,3384400.9834,109174.2253,1734253.3830,27228.0942,52.0471,686.6852
2024-01,53205.5025,988258.8520,2207054.6104,19864.1122,81501.7888,3349884.8659,108060.8021,1702433.6891,27760.0086,51.6493,679.6820
2024-02,50257.9059,912690.7194,2085116.3353,15636.2196,74186.1167,3137887.2969,108203.0102,1626509.0055,24536.8612,52.6165,680.5765
2024-03,54289.1229,971336.3313,2269005.7279,18291.8478,80720.8923,3393643.9222,109472.3846,1776234.4063,25960.8612,53.1050,688.5606
2024-04,51735.6780,938984.8452,2208254.0064,18697.9576,79869.9652,3297542.4524,109918.0817,1732269.0304,26892.1492,53.3476,691.3640
2024-05,55076.3174,963957.0871,2298404.0331,18449.5156,80405.7584,3416292.7116,110202.9907,1806525.3788,28444.0882,53.7123,693.1560
2024-06,49101.7816,795654.2653,2258002.9427,16819.6329,77742.1310,3197320.7535,106577.3585,1781851.2981,28303.3772,56.6147,670.3514
2024-07,50773.7694,837235.9952,2389541.6192,17402.3049,80037.4319,3374991.1206,108870.6813,1904026.9329,29409.6992,57.2872,684.7760
2024-08,50368.8565,917534.1302,2481665.5043,17182.9333,78235.6705,3544987.0948,114354.4224,1985194.8206,30284.6577,56.8544,719.2677
2024-09,51030.3838,912889.0593,2479079.7385,16504.8453,75311.1030,3534815.1299,117827.1710,1997992.8686,27344.5326,57.2968,741.1106
2024-10,55605.7840,951483.2999,2565088.7643,16517.6759,76815.5835,3665511.1076,118242.2938,2078863.6176,26060.7984,57.4251,743.7217
2024-11,47656.6430,931859.9383,2552157.8856,16411.8353,73854.4644,3621940.7666,120731.3589,2087190.3143,25830.9830,58.3395,759.3774
2024-12,49674.9505,955536.4111,2676586.9208,16926.8796,76597.0800,3775322.2420,121784.5885,2206329.9055,26381.2729,59.1396,766.0020
2025-01,52801.2000,937854.0200,2649571.2461,16421.7485,75431.1023,3732079.3169,120389.6554,2181196.7251,27185.3238,59.1730,757.2282
2025-02,50385.4408,838752.6346,2388797.9015,14476.3654,68019.6544,3360431.9967,120015.4285,1973522.2622,23275.9885,59.4209,754.8744
2025-03,54550.1964,931120.2224,2659466.4533,16035.1711,74606.8832,3735778.9264,120508.9976,2200307.6966,23954.1748,59.5394,757.9788
2025-04,50478.2153,892966.9822,2552392.7229,15630.9047,71159.5542,3582628.3793,119420.9460,2107442.1446,23519.2210,59.4804,751.1352
2025-05,53743.8280,918214.9444,2663666.0141,15176.0265,73583.0473,3724383.8603,120141.4148,2207980.1364,24527.6583,59.9430,755.6668
2025-06,53590.1716,880536.3156,2709013.3256,14209.4540,70240.5002,3727589.7670,124252.9922,2272127.5105,23077.5457,61.5734,781.5278
2025-07,56350.7646,901913.8003,2953144.0219,14655.7743,71202.8329,3997267.1940,128944.1030,2507891.2777,23502.0520,63.3281,811.0340
2025-08,55647.1740,894889.6457,3035272.1806,13700.2355,69942.0629,4069451.2987,131272.6225,2596211.6245,22951.0322,64.3616,825.6800
2025-09,51132.7444,857512.9381,3033434.0470,13027.9699,67319.4896,4022427.1890,134080.9063,2608852.7253,22328.1370,65.4128,843.3436
2025-10,49820.8071,877920.6166,3231088.2316,13163.0117,68472.1370,4240464.8040,136789.1872,2801960.4918,20533.2519,66.5610,860.3781
2025-11,47940.9609,817049.4824,3155277.9074,12357.8581,66053.4012,4098679.6100,136622.6537,2751836.8436,19803.4366,67.6228,859.3307
2025-12,49343.2516,872099.0966,3329475.1520,12857.7513,68151.1944,4331926.4459,139739.5628,2910775.7392,19630.5082,67.6467,878.9354
2026-01,49036.0565,867465.3188,3365110.7509,12448.4584,66309.3820,4360369.9666,140657.0957,2955323.5065,19505.8814,68.2242,884.7065
2026-02,45483.8163,783616.6182,2998198.2670,11505.2862,60262.0219,3899066.0096,139252.3575,2630853.1742,17005.6125,67.9101,875.8710
2026-03,49399.0266,853948.5073,3352937.3342,12798.7894,65889.9831,4334973.6406,139837.8594,2945974.3454,18395.6298,68.3827,879.5537
2026-04,44885.4219,821248.9826,3330021.6813,11822.5323,62970.0408,4270948.6589,142364.9553,2938763.1359,17566.3928,69.2195,895.4487
2026-05,51410.7376,852249.7524,3472403.1753,12784.9430,66522.0740,4455370.6823,143721.6349,3069372.2944,18961.8884,69.3171,903.9819
2026-06,43182.7436,811261.4444,3410673.3411,12903.8326,64536.5441,4342557.9058,144751.9302,3022649.5000,18750.3113,70.0371,910.4623
2026-07,45103.6824,815768.8926,3545905.1558,13395.8102,65530.5640,4485704.1050,144700.1324,3175041.7611,23148.5590,71.2974,910.1365
